,precision,recall,f1-score,support
0,0.7887323943661971,0.7671232876712328,0.7777777777777778,146.0
1,0.791907514450867,0.8106508875739645,0.8011695906432749,169.0
2,0.8333333333333334,1.0,0.9090909090909091,10.0
3,0.7,0.7142857142857143,0.7070707070707072,49.0
4,0.9743589743589743,0.9743589743589743,0.9743589743589743,39.0
5,0.6590909090909091,0.6170212765957447,0.6373626373626374,47.0
accuracy,0.7847826086956522,0.7847826086956522,0.7847826086956522,0.7847826086956522
macro avg,0.7912371876000468,0.8139066900809384,0.8011384327173802,460.0
weighted avg,0.7839084903918856,0.7847826086956522,0.7840144218862755,460.0
