{
    "accuracy": 0.7847826086956522,
    "precision": 0.7839084903918856,
    "recall": 0.7847826086956522,
    "f1": 0.7840144218862755
}