{
    "accuracy": 0.6739130434782609,
    "precision": 0.619570086226509,
    "recall": 0.6739130434782609,
    "f1": 0.6359197937956736
}