,CNN,ExtraTrees,Combinado
Accuracy,0.7847826086956522,0.8326086956521739,0.6739130434782609
Precision,0.7839084903918856,0.8338169343162716,0.619570086226509
Recall,0.7847826086956522,0.8326086956521739,0.6739130434782609
F1-Score,0.7840144218862755,0.8302759408582132,0.6359197937956736
