{
    "accuracy": 0.8326086956521739,
    "precision": 0.8338169343162716,
    "recall": 0.8326086956521739,
    "f1": 0.8302759408582132
}